#Better Branch Prediction sethigh, low
runtime,instructions,cycles,branches,branch-misses,L1-dcache-load-misses
0.935360038,13151425700,4364385668,2594467297,41868382,16571
0.933092313,13151425698,4373293330,2594467295,41962485,20266
0.932375895,13151425761,4369135424,2594467358,41901591,28903
0.930186361,13151425737,4361061682,2594467334,41933321,27422
0.929575632,13151426243,4358908274,2594467336,41860389,21298
